impression_id,user_id,ad_id,timestamp,clicked,device,platform,operating_system,browser,connection_type,pages_in_session,session_duration_seconds,visitor_status
0,0,4,2025-04-11 05:08:33,0,mobile,social_media,Windows,Edge,WiFi,5,201,Returning
1,0,2,2025-04-08 02:42:30,0,mobile,website,Windows,Edge,WiFi,5,201,Returning
2,0,0,2025-04-17 11:55:38,0,mobile,website,Windows,Edge,WiFi,5,201,Returning
3,0,3,2025-04-14 23:00:42,0,mobile,social_media,Windows,Edge,WiFi,5,201,Returning
4,0,1,2025-04-12 09:37:17,0,mobile,website,Windows,Edge,WiFi,5,201,Returning
5,1,2,2025-04-25 16:54:30,0,mobile,search_engine,Android,Edge,WiFi,3,28,Returning
6,1,1,2025-04-10 12:21:53,0,mobile,search_engine,Android,Edge,WiFi,3,28,Returning
7,1,0,2025-05-01 13:29:37,0,mobile,app,Android,Edge,WiFi,3,28,Returning
8,1,4,2025-04-21 18:06:23,0,mobile,website,Android,Edge,WiFi,3,28,Returning
9,1,3,2025-04-20 16:24:40,0,mobile,app,Android,Edge,WiFi,3,28,Returning
10,2,4,2025-04-22 00:54:53,1,mobile,app,Windows,Chrome,WiFi,2,26,Loyal
11,2,0,2025-04-12 09:52:22,1,mobile,search_engine,Windows,Chrome,WiFi,2,26,Loyal
12,2,1,2025-04-23 15:44:10,0,mobile,search_engine,Windows,Chrome,WiFi,2,26,Loyal
13,2,2,2025-04-10 15:26:44,0,mobile,social_media,Windows,Chrome,WiFi,2,26,Loyal
14,2,3,2025-04-06 09:40:04,0,mobile,website,Windows,Chrome,WiFi,2,26,Loyal
15,3,2,2025-04-08 08:21:21,0,mobile,app,Android,Chrome,4G,5,677,New
16,3,0,2025-04-07 10:39:48,0,mobile,search_engine,Android,Chrome,4G,5,677,New
17,3,4,2025-04-07 14:16:51,0,mobile,search_engine,Android,Chrome,4G,5,677,New
18,3,1,2025-04-11 04:45:06,0,mobile,app,Android,Chrome,4G,5,677,New
19,3,3,2025-04-22 23:09:35,0,mobile,website,Android,Chrome,4G,5,677,New
20,4,1,2025-04-21 06:00:16,0,mobile,search_engine,iOS,Safari,4G,4,103,New
21,4,2,2025-04-29 09:35:02,0,mobile,website,iOS,Safari,4G,4,103,New
22,4,0,2025-04-14 00:40:36,0,mobile,app,iOS,Safari,4G,4,103,New
23,4,4,2025-05-02 18:54:14,0,mobile,website,iOS,Safari,4G,4,103,New
24,4,3,2025-04-16 17:34:58,0,mobile,app,iOS,Safari,4G,4,103,New
25,5,3,2025-05-04 05:30:27,0,mobile,app,Windows,Samsung Browser,4G,1,208,Returning
26,5,0,2025-04-16 18:43:58,0,mobile,search_engine,Windows,Samsung Browser,4G,1,208,Returning
27,5,2,2025-04-17 06:31:57,0,mobile,website,Windows,Samsung Browser,4G,1,208,Returning
28,5,1,2025-04-10 20:19:10,0,mobile,social_media,Windows,Samsung Browser,4G,1,208,Returning
29,5,4,2025-05-01 09:07:55,0,mobile,social_media,Windows,Samsung Browser,4G,1,208,Returning
30,6,1,2025-04-23 04:29:51,0,mobile,app,Android,Chrome,Fiber,4,43,Returning
31,6,0,2025-04-24 20:16:43,0,mobile,search_engine,Android,Chrome,Fiber,4,43,Returning
32,6,2,2025-04-21 23:33:24,0,mobile,app,Android,Chrome,Fiber,4,43,Returning
33,6,3,2025-04-18 01:26:05,0,mobile,app,Android,Chrome,Fiber,4,43,Returning
34,6,4,2025-04-28 08:31:01,0,mobile,social_media,Android,Chrome,Fiber,4,43,Returning
35,7,1,2025-04-24 22:54:09,0,desktop,search_engine,Windows,Edge,4G,5,785,Returning
36,7,2,2025-05-03 11:41:55,0,desktop,website,Windows,Edge,4G,5,785,Returning
37,7,4,2025-04-13 07:03:56,0,desktop,app,Windows,Edge,4G,5,785,Returning
38,7,3,2025-04-16 07:01:09,0,desktop,website,Windows,Edge,4G,5,785,Returning
39,7,0,2025-04-06 12:02:03,0,desktop,website,Windows,Edge,4G,5,785,Returning
40,8,1,2025-04-14 08:05:47,0,mobile,search_engine,iOS,Firefox,5G,1,40,Returning
41,8,0,2025-04-09 00:47:21,0,mobile,search_engine,iOS,Firefox,5G,1,40,Returning
42,8,3,2025-04-20 03:50:35,0,mobile,social_media,iOS,Firefox,5G,1,40,Returning
43,8,2,2025-05-01 13:44:53,0,mobile,app,iOS,Firefox,5G,1,40,Returning
44,8,4,2025-04-17 07:25:40,0,mobile,website,iOS,Firefox,5G,1,40,Returning
45,9,1,2025-04-29 18:39:12,0,desktop,search_engine,iOS,Firefox,Fiber,5,262,Returning
46,9,3,2025-04-08 23:00:41,0,desktop,social_media,iOS,Firefox,Fiber,5,262,Returning
47,9,0,2025-04-09 08:50:08,0,desktop,website,iOS,Firefox,Fiber,5,262,Returning
48,9,4,2025-05-04 19:35:19,0,desktop,search_engine,iOS,Firefox,Fiber,5,262,Returning
49,9,2,2025-04-13 09:38:36,0,desktop,social_media,iOS,Firefox,Fiber,5,262,Returning
50,10,3,2025-05-03 01:50:54,0,mobile,social_media,ChromeOS,Safari,5G,4,59,New
51,10,4,2025-04-18 02:28:43,0,mobile,social_media,ChromeOS,Safari,5G,4,59,New
52,10,0,2025-04-14 14:13:07,0,mobile,website,ChromeOS,Safari,5G,4,59,New
53,10,1,2025-04-23 03:57:38,0,mobile,app,ChromeOS,Safari,5G,4,59,New
54,10,2,2025-04-05 10:24:21,0,mobile,app,ChromeOS,Safari,5G,4,59,New
55,11,1,2025-04-26 21:24:20,0,mobile,app,Windows,Opera,Fiber,11,41,Loyal
56,11,0,2025-04-20 00:38:10,0,mobile,social_media,Windows,Opera,Fiber,11,41,Loyal
57,11,3,2025-04-10 14:29:47,0,mobile,social_media,Windows,Opera,Fiber,11,41,Loyal
58,11,4,2025-04-05 10:08:25,0,mobile,website,Windows,Opera,Fiber,11,41,Loyal
59,11,2,2025-04-22 16:17:20,0,mobile,app,Windows,Opera,Fiber,11,41,Loyal
60,12,4,2025-04-10 06:41:38,0,mobile,app,Android,Edge,5G,12,279,Returning
61,12,0,2025-04-08 01:45:58,0,mobile,search_engine,Android,Edge,5G,12,279,Returning
62,12,1,2025-05-03 19:34:30,1,mobile,social_media,Android,Edge,5G,12,279,Returning
63,12,2,2025-04-08 04:59:03,1,mobile,social_media,Android,Edge,5G,12,279,Returning
64,12,3,2025-04-23 02:59:40,0,mobile,search_engine,Android,Edge,5G,12,279,Returning
65,13,0,2025-04-21 01:12:35,0,mobile,app,Android,Edge,5G,3,114,Returning
66,13,4,2025-04-21 10:22:22,0,mobile,app,Android,Edge,5G,3,114,Returning
67,13,2,2025-04-21 09:59:46,0,mobile,search_engine,Android,Edge,5G,3,114,Returning
68,13,3,2025-04-16 19:11:36,0,mobile,website,Android,Edge,5G,3,114,Returning
69,13,1,2025-04-21 04:22:13,0,mobile,website,Android,Edge,5G,3,114,Returning
70,14,2,2025-04-17 23:08:56,0,mobile,social_media,Windows,Firefox,WiFi,1,308,Loyal
71,14,3,2025-05-01 16:35:18,0,mobile,social_media,Windows,Firefox,WiFi,1,308,Loyal
72,14,1,2025-04-24 00:01:54,0,mobile,search_engine,Windows,Firefox,WiFi,1,308,Loyal
73,14,4,2025-04-14 14:09:30,0,mobile,website,Windows,Firefox,WiFi,1,308,Loyal
74,14,0,2025-05-02 23:51:27,0,mobile,website,Windows,Firefox,WiFi,1,308,Loyal
75,15,2,2025-04-24 23:26:51,0,desktop,search_engine,iOS,Edge,WiFi,5,781,Loyal
76,15,4,2025-04-17 21:03:31,0,desktop,social_media,iOS,Edge,WiFi,5,781,Loyal
77,15,0,2025-05-01 10:03:33,0,desktop,website,iOS,Edge,WiFi,5,781,Loyal
78,15,1,2025-04-22 22:44:12,0,desktop,social_media,iOS,Edge,WiFi,5,781,Loyal
79,15,3,2025-04-05 03:16:12,0,desktop,website,iOS,Edge,WiFi,5,781,Loyal
80,16,2,2025-04-24 17:52:11,0,mobile,app,iOS,Chrome,4G,2,860,New
81,16,3,2025-04-11 15:01:02,0,mobile,social_media,iOS,Chrome,4G,2,860,New
82,16,0,2025-04-19 05:04:05,0,mobile,social_media,iOS,Chrome,4G,2,860,New
83,16,4,2025-04-23 08:12:44,0,mobile,social_media,iOS,Chrome,4G,2,860,New
84,16,1,2025-04-13 20:33:53,0,mobile,search_engine,iOS,Chrome,4G,2,860,New
85,17,1,2025-04-08 05:00:32,0,mobile,website,Android,Chrome,WiFi,1,124,New
86,17,0,2025-04-26 09:02:54,0,mobile,social_media,Android,Chrome,WiFi,1,124,New
87,17,3,2025-04-06 13:02:27,0,mobile,app,Android,Chrome,WiFi,1,124,New
88,17,2,2025-04-09 11:04:58,0,mobile,app,Android,Chrome,WiFi,1,124,New
89,17,4,2025-04-14 19:10:09,0,mobile,website,Android,Chrome,WiFi,1,124,New
90,18,2,2025-04-30 03:32:36,0,mobile,app,iOS,Safari,Cable,1,37,Returning
91,18,3,2025-04-23 11:48:39,1,mobile,search_engine,iOS,Safari,Cable,1,37,Returning
92,18,4,2025-04-26 14:30:42,0,mobile,search_engine,iOS,Safari,Cable,1,37,Returning
93,18,0,2025-04-12 21:30:39,0,mobile,app,iOS,Safari,Cable,1,37,Returning
94,18,1,2025-04-27 04:51:50,0,mobile,app,iOS,Safari,Cable,1,37,Returning
95,19,0,2025-04-27 02:53:29,0,mobile,search_engine,iOS,Edge,4G,4,491,Returning
96,19,2,2025-04-22 17:01:17,0,mobile,social_media,iOS,Edge,4G,4,491,Returning
97,19,4,2025-04-27 12:22:51,0,mobile,app,iOS,Edge,4G,4,491,Returning
98,19,1,2025-05-01 18:24:22,0,mobile,app,iOS,Edge,4G,4,491,Returning
99,19,3,2025-04-14 16:41:19,0,mobile,website,iOS,Edge,4G,4,491,Returning
100,20,1,2025-04-28 02:01:15,0,mobile,search_engine,Android,Chrome,DSL,5,31,Returning
101,20,2,2025-04-21 21:58:23,0,mobile,website,Android,Chrome,DSL,5,31,Returning
102,20,4,2025-04-15 04:36:09,0,mobile,app,Android,Chrome,DSL,5,31,Returning
103,20,0,2025-04-14 12:41:41,0,mobile,app,Android,Chrome,DSL,5,31,Returning
104,20,3,2025-04-28 00:57:16,0,mobile,social_media,Android,Chrome,DSL,5,31,Returning
105,21,1,2025-04-29 06:05:51,0,mobile,app,Android,Chrome,WiFi,3,234,Returning
106,21,4,2025-04-14 12:00:28,0,mobile,social_media,Android,Chrome,WiFi,3,234,Returning
107,21,2,2025-05-04 16:53:43,0,mobile,website,Android,Chrome,WiFi,3,234,Returning
108,21,3,2025-04-22 16:57:49,0,mobile,social_media,Android,Chrome,WiFi,3,234,Returning
109,21,0,2025-05-01 10:55:08,0,mobile,website,Android,Chrome,WiFi,3,234,Returning
110,22,0,2025-05-02 00:45:08,0,desktop,website,Android,Safari,4G,4,18,New
111,22,3,2025-05-02 01:12:03,0,desktop,search_engine,Android,Safari,4G,4,18,New
112,22,1,2025-04-25 02:27:48,0,desktop,app,Android,Safari,4G,4,18,New
113,22,2,2025-05-03 13:29:30,0,desktop,app,Android,Safari,4G,4,18,New
114,22,4,2025-05-04 05:44:49,0,desktop,app,Android,Safari,4G,4,18,New
115,23,3,2025-04-30 23:41:11,0,mobile,search_engine,Android,Samsung Browser,4G,2,1126,Loyal
116,23,4,2025-04-15 06:50:36,0,mobile,search_engine,Android,Samsung Browser,4G,2,1126,Loyal
117,23,0,2025-04-06 13:16:37,0,mobile,website,Android,Samsung Browser,4G,2,1126,Loyal
118,23,1,2025-04-19 14:43:29,0,mobile,website,Android,Samsung Browser,4G,2,1126,Loyal
119,23,2,2025-04-18 09:02:05,1,mobile,search_engine,Android,Samsung Browser,4G,2,1126,Loyal
120,24,2,2025-04-22 00:26:54,0,desktop,app,Android,Chrome,Cable,1,248,Loyal
121,24,4,2025-05-03 19:42:03,0,desktop,social_media,Android,Chrome,Cable,1,248,Loyal
122,24,3,2025-04-26 10:09:44,0,desktop,social_media,Android,Chrome,Cable,1,248,Loyal
123,24,0,2025-04-12 04:00:10,0,desktop,social_media,Android,Chrome,Cable,1,248,Loyal
124,24,1,2025-04-19 10:37:35,0,desktop,website,Android,Chrome,Cable,1,248,Loyal
125,25,1,2025-04-29 02:29:02,0,desktop,social_media,Android,Chrome,Cable,12,46,New
126,25,4,2025-04-13 17:32:26,0,desktop,social_media,Android,Chrome,Cable,12,46,New
127,25,2,2025-04-29 03:01:38,0,desktop,search_engine,Android,Chrome,Cable,12,46,New
128,25,3,2025-04-09 20:17:58,1,desktop,website,Android,Chrome,Cable,12,46,New
129,25,0,2025-04-12 08:09:11,1,desktop,app,Android,Chrome,Cable,12,46,New
130,26,3,2025-04-22 20:11:48,0,mobile,website,Windows,Chrome,5G,8,44,Returning
131,26,1,2025-04-28 16:23:37,0,mobile,search_engine,Windows,Chrome,5G,8,44,Returning
132,26,0,2025-04-13 00:43:02,0,mobile,social_media,Windows,Chrome,5G,8,44,Returning
133,26,2,2025-04-05 23:08:42,0,mobile,app,Windows,Chrome,5G,8,44,Returning
134,26,4,2025-04-20 22:50:33,0,mobile,search_engine,Windows,Chrome,5G,8,44,Returning
135,27,2,2025-04-19 08:01:13,0,mobile,app,Android,Safari,WiFi,4,143,New
136,27,4,2025-04-13 07:28:12,0,mobile,social_media,Android,Safari,WiFi,4,143,New
137,27,3,2025-04-14 06:25:19,0,mobile,website,Android,Safari,WiFi,4,143,New
138,27,0,2025-04-29 15:12:56,0,mobile,search_engine,Android,Safari,WiFi,4,143,New
139,27,1,2025-04-06 05:51:52,0,mobile,social_media,Android,Safari,WiFi,4,143,New
140,28,2,2025-05-03 15:22:27,0,desktop,search_engine,Windows,Chrome,Satellite,3,55,Returning
141,28,0,2025-05-04 10:07:15,0,desktop,social_media,Windows,Chrome,Satellite,3,55,Returning
142,28,3,2025-05-02 12:18:20,0,desktop,website,Windows,Chrome,Satellite,3,55,Returning
143,28,1,2025-04-15 10:50:59,0,desktop,website,Windows,Chrome,Satellite,3,55,Returning
144,28,4,2025-04-30 14:37:40,0,desktop,social_media,Windows,Chrome,Satellite,3,55,Returning
145,29,2,2025-05-03 05:35:52,0,mobile,social_media,iOS,Edge,4G,3,46,Returning
146,29,4,2025-04-30 13:11:10,0,mobile,search_engine,iOS,Edge,4G,3,46,Returning
147,29,3,2025-04-29 00:11:20,1,mobile,social_media,iOS,Edge,4G,3,46,Returning
148,29,1,2025-04-29 10:44:28,0,mobile,search_engine,iOS,Edge,4G,3,46,Returning
149,29,0,2025-04-11 11:48:32,1,mobile,search_engine,iOS,Edge,4G,3,46,Returning
150,30,0,2025-04-28 17:06:57,0,desktop,app,Windows,Safari,WiFi,5,294,Returning
151,30,2,2025-04-14 22:46:23,0,desktop,app,Windows,Safari,WiFi,5,294,Returning
152,30,1,2025-04-23 08:14:12,0,desktop,search_engine,Windows,Safari,WiFi,5,294,Returning
153,30,3,2025-04-16 19:27:51,0,desktop,search_engine,Windows,Safari,WiFi,5,294,Returning
154,30,4,2025-04-24 19:55:00,0,desktop,website,Windows,Safari,WiFi,5,294,Returning
155,31,1,2025-04-27 17:14:36,0,mobile,search_engine,iOS,Safari,5G,3,19,Returning
156,31,3,2025-04-25 18:46:42,0,mobile,social_media,iOS,Safari,5G,3,19,Returning
157,31,4,2025-04-21 04:11:04,0,mobile,search_engine,iOS,Safari,5G,3,19,Returning
158,31,0,2025-04-05 22:38:30,1,mobile,website,iOS,Safari,5G,3,19,Returning
159,31,2,2025-04-25 00:11:59,0,mobile,social_media,iOS,Safari,5G,3,19,Returning
160,32,2,2025-04-14 13:13:33,0,mobile,website,Android,Chrome,5G,2,13,Returning
161,32,0,2025-04-09 04:50:14,0,mobile,search_engine,Android,Chrome,5G,2,13,Returning
162,32,1,2025-04-20 14:01:49,0,mobile,social_media,Android,Chrome,5G,2,13,Returning
163,32,3,2025-04-29 05:33:16,0,mobile,search_engine,Android,Chrome,5G,2,13,Returning
164,32,4,2025-04-23 15:26:04,0,mobile,social_media,Android,Chrome,5G,2,13,Returning
165,33,3,2025-05-01 17:28:47,0,desktop,website,iOS,Safari,Fiber,4,100,Returning
166,33,2,2025-04-09 11:09:50,1,desktop,app,iOS,Safari,Fiber,4,100,Returning
167,33,0,2025-04-23 16:23:33,0,desktop,website,iOS,Safari,Fiber,4,100,Returning
168,33,1,2025-04-25 22:14:41,0,desktop,social_media,iOS,Safari,Fiber,4,100,Returning
169,33,4,2025-04-05 01:58:49,0,desktop,social_media,iOS,Safari,Fiber,4,100,Returning
170,34,4,2025-04-09 23:45:00,0,mobile,social_media,Windows,Chrome,4G,2,56,Loyal
171,34,1,2025-04-24 12:42:49,0,mobile,app,Windows,Chrome,4G,2,56,Loyal
172,34,0,2025-05-01 16:12:03,0,mobile,app,Windows,Chrome,4G,2,56,Loyal
173,34,3,2025-05-03 17:19:08,0,mobile,social_media,Windows,Chrome,4G,2,56,Loyal
174,34,2,2025-04-05 16:53:15,0,mobile,search_engine,Windows,Chrome,4G,2,56,Loyal
175,35,2,2025-04-05 11:40:26,0,mobile,search_engine,Windows,Chrome,4G,2,20,Returning
176,35,0,2025-04-07 04:05:02,0,mobile,app,Windows,Chrome,4G,2,20,Returning
177,35,4,2025-04-14 23:10:17,0,mobile,search_engine,Windows,Chrome,4G,2,20,Returning
178,35,3,2025-04-10 03:14:51,0,mobile,social_media,Windows,Chrome,4G,2,20,Returning
179,35,1,2025-04-09 09:47:29,0,mobile,website,Windows,Chrome,4G,2,20,Returning
180,36,1,2025-04-16 01:00:10,0,mobile,app,Android,Firefox,5G,11,898,New
181,36,0,2025-04-28 09:54:30,0,mobile,social_media,Android,Firefox,5G,11,898,New
182,36,4,2025-04-29 23:00:41,0,mobile,website,Android,Firefox,5G,11,898,New
183,36,2,2025-04-24 11:52:40,0,mobile,social_media,Android,Firefox,5G,11,898,New
184,36,3,2025-04-16 15:16:09,0,mobile,website,Android,Firefox,5G,11,898,New
185,37,3,2025-04-07 17:40:32,0,desktop,search_engine,iOS,Safari,4G,5,670,Loyal
186,37,0,2025-04-15 21:47:53,0,desktop,search_engine,iOS,Safari,4G,5,670,Loyal
187,37,2,2025-04-27 11:10:00,0,desktop,search_engine,iOS,Safari,4G,5,670,Loyal
188,37,4,2025-04-16 21:35:30,0,desktop,app,iOS,Safari,4G,5,670,Loyal
189,37,1,2025-05-02 04:08:16,0,desktop,search_engine,iOS,Safari,4G,5,670,Loyal
190,38,0,2025-04-25 00:37:00,0,mobile,website,Android,Chrome,5G,4,8,Returning
191,38,3,2025-04-11 17:11:12,0,mobile,website,Android,Chrome,5G,4,8,Returning
192,38,1,2025-05-04 18:00:45,0,mobile,search_engine,Android,Chrome,5G,4,8,Returning
193,38,2,2025-04-26 06:39:40,0,mobile,website,Android,Chrome,5G,4,8,Returning
194,38,4,2025-04-26 20:30:45,1,mobile,search_engine,Android,Chrome,5G,4,8,Returning
195,39,0,2025-04-19 04:31:30,0,mobile,app,Windows,Edge,Cable,4,107,New
196,39,2,2025-04-27 20:08:29,0,mobile,search_engine,Windows,Edge,Cable,4,107,New
197,39,1,2025-04-19 21:09:14,0,mobile,website,Windows,Edge,Cable,4,107,New
198,39,4,2025-04-10 09:01:12,0,mobile,app,Windows,Edge,Cable,4,107,New
199,39,3,2025-04-18 22:12:23,0,mobile,website,Windows,Edge,Cable,4,107,New
200,40,2,2025-05-01 03:47:31,0,mobile,search_engine,iOS,Safari,5G,1,228,New
201,40,0,2025-04-21 18:04:30,0,mobile,website,iOS,Safari,5G,1,228,New
202,40,1,2025-04-26 23:21:25,0,mobile,website,iOS,Safari,5G,1,228,New
203,40,3,2025-04-20 19:54:09,0,mobile,app,iOS,Safari,5G,1,228,New
204,40,4,2025-04-20 18:23:19,0,mobile,social_media,iOS,Safari,5G,1,228,New
205,41,4,2025-04-09 21:56:06,0,mobile,search_engine,MacOS,Safari,WiFi,4,89,Loyal
206,41,3,2025-04-27 22:02:32,0,mobile,social_media,MacOS,Safari,WiFi,4,89,Loyal
207,41,2,2025-04-17 12:34:52,0,mobile,social_media,MacOS,Safari,WiFi,4,89,Loyal
208,41,0,2025-04-20 23:20:50,1,mobile,social_media,MacOS,Safari,WiFi,4,89,Loyal
209,41,1,2025-04-11 08:15:34,1,mobile,app,MacOS,Safari,WiFi,4,89,Loyal
210,42,2,2025-04-24 22:30:03,0,mobile,app,MacOS,Chrome,5G,13,46,Returning
211,42,1,2025-04-09 17:31:13,0,mobile,search_engine,MacOS,Chrome,5G,13,46,Returning
212,42,0,2025-04-27 23:38:21,0,mobile,website,MacOS,Chrome,5G,13,46,Returning
213,42,3,2025-04-26 11:13:26,0,mobile,social_media,MacOS,Chrome,5G,13,46,Returning
214,42,4,2025-04-28 20:12:49,0,mobile,search_engine,MacOS,Chrome,5G,13,46,Returning
215,43,2,2025-04-13 04:15:45,0,mobile,app,iOS,Samsung Browser,WiFi,4,175,Returning
216,43,3,2025-05-01 19:16:15,0,mobile,website,iOS,Samsung Browser,WiFi,4,175,Returning
217,43,4,2025-05-04 01:12:23,0,mobile,search_engine,iOS,Samsung Browser,WiFi,4,175,Returning
218,43,1,2025-04-05 12:52:23,0,mobile,app,iOS,Samsung Browser,WiFi,4,175,Returning
219,43,0,2025-05-01 13:11:06,0,mobile,search_engine,iOS,Samsung Browser,WiFi,4,175,Returning
220,44,0,2025-04-18 11:24:53,0,mobile,app,iOS,Safari,WiFi,3,206,Returning
221,44,1,2025-04-28 01:58:39,1,mobile,website,iOS,Safari,WiFi,3,206,Returning
222,44,2,2025-04-11 23:28:29,0,mobile,search_engine,iOS,Safari,WiFi,3,206,Returning
223,44,3,2025-04-05 02:27:24,0,mobile,social_media,iOS,Safari,WiFi,3,206,Returning
224,44,4,2025-04-21 22:26:55,0,mobile,social_media,iOS,Safari,WiFi,3,206,Returning
225,45,4,2025-04-09 01:14:31,0,desktop,website,iOS,Chrome,WiFi,4,298,Loyal
226,45,0,2025-04-07 22:57:41,0,desktop,website,iOS,Chrome,WiFi,4,298,Loyal
227,45,1,2025-04-05 19:46:11,0,desktop,social_media,iOS,Chrome,WiFi,4,298,Loyal
228,45,2,2025-04-27 09:23:45,0,desktop,social_media,iOS,Chrome,WiFi,4,298,Loyal
229,45,3,2025-05-02 05:04:35,1,desktop,search_engine,iOS,Chrome,WiFi,4,298,Loyal
230,46,2,2025-04-22 09:07:19,0,mobile,website,iOS,Chrome,WiFi,1,367,New
231,46,4,2025-05-03 17:41:20,0,mobile,website,iOS,Chrome,WiFi,1,367,New
232,46,3,2025-04-23 21:17:42,0,mobile,search_engine,iOS,Chrome,WiFi,1,367,New
233,46,0,2025-04-29 00:38:24,0,mobile,social_media,iOS,Chrome,WiFi,1,367,New
234,46,1,2025-04-28 20:34:48,0,mobile,website,iOS,Chrome,WiFi,1,367,New
235,47,2,2025-04-13 10:56:22,0,mobile,app,Android,Chrome,WiFi,3,136,New
236,47,1,2025-04-25 14:36:57,0,mobile,website,Android,Chrome,WiFi,3,136,New
237,47,0,2025-04-19 04:43:58,0,mobile,social_media,Android,Chrome,WiFi,3,136,New
238,47,3,2025-04-23 05:18:15,0,mobile,social_media,Android,Chrome,WiFi,3,136,New
239,47,4,2025-04-28 11:50:24,0,mobile,website,Android,Chrome,WiFi,3,136,New
240,48,0,2025-04-09 17:00:52,0,desktop,app,Android,Chrome,WiFi,1,174,New
241,48,3,2025-04-13 06:15:01,0,desktop,social_media,Android,Chrome,WiFi,1,174,New
242,48,4,2025-04-17 14:10:30,0,desktop,search_engine,Android,Chrome,WiFi,1,174,New
243,48,1,2025-04-11 09:50:17,0,desktop,search_engine,Android,Chrome,WiFi,1,174,New
244,48,2,2025-04-09 21:00:12,0,desktop,website,Android,Chrome,WiFi,1,174,New
245,49,2,2025-04-15 13:08:01,0,mobile,website,Android,Chrome,WiFi,13,212,Returning
246,49,3,2025-04-26 20:12:23,0,mobile,website,Android,Chrome,WiFi,13,212,Returning
247,49,4,2025-04-23 00:31:14,0,mobile,app,Android,Chrome,WiFi,13,212,Returning
248,49,1,2025-04-15 18:38:42,0,mobile,search_engine,Android,Chrome,WiFi,13,212,Returning
249,49,0,2025-04-20 09:42:01,0,mobile,search_engine,Android,Chrome,WiFi,13,212,Returning
250,50,3,2025-04-06 01:20:31,0,mobile,social_media,Android,Safari,Fiber,4,53,Returning
251,50,2,2025-04-12 14:25:19,0,mobile,website,Android,Safari,Fiber,4,53,Returning
252,50,1,2025-04-22 15:06:04,0,mobile,app,Android,Safari,Fiber,4,53,Returning
253,50,0,2025-05-04 09:36:44,0,mobile,app,Android,Safari,Fiber,4,53,Returning
254,50,4,2025-04-15 18:44:55,0,mobile,social_media,Android,Safari,Fiber,4,53,Returning
255,51,2,2025-04-08 17:50:27,0,mobile,social_media,MacOS,Safari,5G,5,21,Returning
256,51,1,2025-04-16 08:21:45,0,mobile,website,MacOS,Safari,5G,5,21,Returning
257,51,0,2025-04-18 23:38:04,0,mobile,app,MacOS,Safari,5G,5,21,Returning
258,51,3,2025-04-20 01:22:04,0,mobile,website,MacOS,Safari,5G,5,21,Returning
259,51,4,2025-04-09 12:52:52,0,mobile,social_media,MacOS,Safari,5G,5,21,Returning
260,52,1,2025-04-09 22:47:30,0,mobile,website,iOS,Chrome,4G,3,37,Loyal
261,52,3,2025-04-11 10:59:00,0,mobile,website,iOS,Chrome,4G,3,37,Loyal
262,52,2,2025-04-18 02:36:36,0,mobile,app,iOS,Chrome,4G,3,37,Loyal
263,52,4,2025-04-16 07:01:23,0,mobile,social_media,iOS,Chrome,4G,3,37,Loyal
264,52,0,2025-04-23 17:55:16,1,mobile,app,iOS,Chrome,4G,3,37,Loyal
265,53,1,2025-04-06 18:29:44,0,desktop,search_engine,iOS,Firefox,Satellite,5,30,New
266,53,0,2025-04-14 19:24:41,0,desktop,search_engine,iOS,Firefox,Satellite,5,30,New
267,53,4,2025-04-17 17:01:50,0,desktop,search_engine,iOS,Firefox,Satellite,5,30,New
268,53,3,2025-04-16 20:40:30,0,desktop,social_media,iOS,Firefox,Satellite,5,30,New
269,53,2,2025-04-12 19:22:04,0,desktop,app,iOS,Firefox,Satellite,5,30,New
270,54,0,2025-04-20 22:19:46,0,mobile,social_media,iOS,Safari,WiFi,14,50,Returning
271,54,3,2025-04-20 11:05:48,0,mobile,search_engine,iOS,Safari,WiFi,14,50,Returning
272,54,2,2025-04-26 06:07:11,0,mobile,social_media,iOS,Safari,WiFi,14,50,Returning
273,54,4,2025-04-26 03:24:39,0,mobile,social_media,iOS,Safari,WiFi,14,50,Returning
274,54,1,2025-04-18 20:11:48,0,mobile,social_media,iOS,Safari,WiFi,14,50,Returning
275,55,1,2025-04-22 03:33:06,0,mobile,social_media,Windows,Chrome,WiFi,13,173,New
276,55,0,2025-05-01 23:00:23,0,mobile,social_media,Windows,Chrome,WiFi,13,173,New
277,55,2,2025-04-06 12:57:22,0,mobile,search_engine,Windows,Chrome,WiFi,13,173,New
278,55,4,2025-04-15 07:15:23,0,mobile,search_engine,Windows,Chrome,WiFi,13,173,New
279,55,3,2025-04-13 23:39:33,0,mobile,app,Windows,Chrome,WiFi,13,173,New
280,56,3,2025-04-24 18:20:36,0,mobile,app,iOS,Chrome,5G,5,120,New
281,56,1,2025-04-28 08:02:12,0,mobile,website,iOS,Chrome,5G,5,120,New
282,56,2,2025-04-14 00:17:51,0,mobile,social_media,iOS,Chrome,5G,5,120,New
283,56,0,2025-05-04 11:57:20,0,mobile,app,iOS,Chrome,5G,5,120,New
284,56,4,2025-04-25 05:33:32,0,mobile,website,iOS,Chrome,5G,5,120,New
285,57,0,2025-04-27 09:40:26,0,mobile,website,Android,Samsung Browser,5G,13,764,Returning
286,57,4,2025-05-02 14:25:56,0,mobile,app,Android,Samsung Browser,5G,13,764,Returning
287,57,3,2025-04-10 16:15:04,0,mobile,social_media,Android,Samsung Browser,5G,13,764,Returning
288,57,2,2025-04-17 18:09:09,0,mobile,social_media,Android,Samsung Browser,5G,13,764,Returning
289,57,1,2025-04-29 05:02:28,0,mobile,search_engine,Android,Samsung Browser,5G,13,764,Returning
290,58,0,2025-04-10 13:34:42,0,mobile,website,iOS,Chrome,WiFi,12,231,New
291,58,1,2025-04-13 15:24:01,0,mobile,app,iOS,Chrome,WiFi,12,231,New
292,58,4,2025-04-27 23:09:03,0,mobile,social_media,iOS,Chrome,WiFi,12,231,New
293,58,2,2025-04-11 12:08:39,0,mobile,website,iOS,Chrome,WiFi,12,231,New
294,58,3,2025-04-07 19:51:53,0,mobile,search_engine,iOS,Chrome,WiFi,12,231,New
295,59,0,2025-04-21 19:10:49,0,mobile,website,iOS,Chrome,4G,4,279,Returning
296,59,2,2025-04-05 01:48:43,0,mobile,search_engine,iOS,Chrome,4G,4,279,Returning
297,59,3,2025-04-27 22:50:20,0,mobile,app,iOS,Chrome,4G,4,279,Returning
298,59,1,2025-04-27 21:28:46,0,mobile,website,iOS,Chrome,4G,4,279,Returning
299,59,4,2025-04-09 14:00:50,0,mobile,social_media,iOS,Chrome,4G,4,279,Returning
300,60,3,2025-04-25 18:13:07,0,mobile,search_engine,iOS,Safari,4G,13,166,Loyal
301,60,1,2025-05-02 02:05:56,0,mobile,search_engine,iOS,Safari,4G,13,166,Loyal
302,60,4,2025-04-22 00:58:41,0,mobile,website,iOS,Safari,4G,13,166,Loyal
303,60,2,2025-04-17 04:15:12,0,mobile,app,iOS,Safari,4G,13,166,Loyal
304,60,0,2025-04-08 01:04:18,0,mobile,search_engine,iOS,Safari,4G,13,166,Loyal
305,61,4,2025-05-02 19:40:09,0,mobile,app,MacOS,Opera,5G,1,973,Returning
306,61,0,2025-04-11 08:56:32,0,mobile,app,MacOS,Opera,5G,1,973,Returning
307,61,2,2025-04-26 01:59:15,1,mobile,social_media,MacOS,Opera,5G,1,973,Returning
308,61,3,2025-04-30 16:41:06,0,mobile,website,MacOS,Opera,5G,1,973,Returning
309,61,1,2025-04-06 12:31:33,0,mobile,search_engine,MacOS,Opera,5G,1,973,Returning
310,62,2,2025-04-22 20:04:44,0,mobile,app,iOS,Chrome,DSL,13,72,Returning
311,62,0,2025-05-01 17:31:15,1,mobile,app,iOS,Chrome,DSL,13,72,Returning
312,62,1,2025-04-09 07:48:07,0,mobile,website,iOS,Chrome,DSL,13,72,Returning
313,62,4,2025-04-08 21:28:20,0,mobile,website,iOS,Chrome,DSL,13,72,Returning
314,62,3,2025-04-25 07:49:15,0,mobile,social_media,iOS,Chrome,DSL,13,72,Returning
315,63,2,2025-04-29 16:56:28,0,mobile,search_engine,iOS,Edge,4G,3,284,Loyal
316,63,0,2025-04-13 17:44:33,0,mobile,social_media,iOS,Edge,4G,3,284,Loyal
317,63,3,2025-04-15 16:16:43,0,mobile,website,iOS,Edge,4G,3,284,Loyal
318,63,1,2025-04-29 01:47:48,0,mobile,search_engine,iOS,Edge,4G,3,284,Loyal
319,63,4,2025-05-01 22:36:38,0,mobile,search_engine,iOS,Edge,4G,3,284,Loyal
320,64,3,2025-05-04 01:51:13,0,mobile,app,Windows,Safari,5G,2,294,Loyal
321,64,4,2025-04-24 17:31:53,0,mobile,search_engine,Windows,Safari,5G,2,294,Loyal
322,64,0,2025-04-21 10:07:31,0,mobile,app,Windows,Safari,5G,2,294,Loyal
323,64,2,2025-04-16 09:23:31,0,mobile,website,Windows,Safari,5G,2,294,Loyal
324,64,1,2025-05-01 16:30:36,0,mobile,social_media,Windows,Safari,5G,2,294,Loyal
325,65,3,2025-05-03 13:55:46,0,desktop,app,Windows,Safari,WiFi,5,111,New
326,65,2,2025-04-06 23:46:13,0,desktop,app,Windows,Safari,WiFi,5,111,New
327,65,1,2025-04-15 20:54:47,0,desktop,search_engine,Windows,Safari,WiFi,5,111,New
328,65,4,2025-04-18 01:01:55,0,desktop,search_engine,Windows,Safari,WiFi,5,111,New
329,65,0,2025-04-09 10:49:42,1,desktop,search_engine,Windows,Safari,WiFi,5,111,New
330,66,0,2025-04-19 06:50:07,0,desktop,app,Windows,Chrome,WiFi,3,58,Returning
331,66,1,2025-04-08 01:17:37,0,desktop,search_engine,Windows,Chrome,WiFi,3,58,Returning
332,66,4,2025-04-20 12:01:20,0,desktop,website,Windows,Chrome,WiFi,3,58,Returning
333,66,2,2025-04-18 07:48:56,0,desktop,website,Windows,Chrome,WiFi,3,58,Returning
334,66,3,2025-04-21 07:52:13,0,desktop,social_media,Windows,Chrome,WiFi,3,58,Returning
335,67,3,2025-04-11 19:53:16,0,mobile,search_engine,Windows,Safari,WiFi,5,296,New
336,67,2,2025-04-21 12:26:10,0,mobile,website,Windows,Safari,WiFi,5,296,New
337,67,4,2025-04-17 19:42:40,0,mobile,website,Windows,Safari,WiFi,5,296,New
338,67,1,2025-04-13 12:55:05,0,mobile,social_media,Windows,Safari,WiFi,5,296,New
339,67,0,2025-04-14 05:35:25,0,mobile,website,Windows,Safari,WiFi,5,296,New
340,68,1,2025-04-14 06:49:13,0,mobile,social_media,MacOS,Edge,WiFi,5,1057,Returning
341,68,3,2025-04-20 22:54:07,0,mobile,app,MacOS,Edge,WiFi,5,1057,Returning
342,68,2,2025-04-30 18:59:30,0,mobile,app,MacOS,Edge,WiFi,5,1057,Returning
343,68,4,2025-04-26 06:49:19,0,mobile,website,MacOS,Edge,WiFi,5,1057,Returning
344,68,0,2025-04-06 09:37:55,0,mobile,search_engine,MacOS,Edge,WiFi,5,1057,Returning
345,69,2,2025-04-09 18:49:25,0,mobile,website,iOS,Safari,Satellite,4,1151,Returning
346,69,0,2025-04-22 13:56:37,0,mobile,website,iOS,Safari,Satellite,4,1151,Returning
347,69,1,2025-04-16 14:47:28,0,mobile,social_media,iOS,Safari,Satellite,4,1151,Returning
348,69,3,2025-04-20 11:02:00,0,mobile,search_engine,iOS,Safari,Satellite,4,1151,Returning
349,69,4,2025-04-05 03:24:26,0,mobile,social_media,iOS,Safari,Satellite,4,1151,Returning
350,70,1,2025-04-28 11:32:55,0,desktop,app,iOS,Chrome,DSL,5,156,New
351,70,3,2025-04-27 14:53:16,0,desktop,app,iOS,Chrome,DSL,5,156,New
352,70,2,2025-04-23 09:24:16,0,desktop,social_media,iOS,Chrome,DSL,5,156,New
353,70,4,2025-04-16 10:13:37,0,desktop,website,iOS,Chrome,DSL,5,156,New
354,70,0,2025-04-24 10:55:51,0,desktop,website,iOS,Chrome,DSL,5,156,New
355,71,3,2025-04-29 22:24:48,0,mobile,social_media,Windows,Chrome,5G,1,206,Returning
356,71,4,2025-04-21 08:23:55,0,mobile,website,Windows,Chrome,5G,1,206,Returning
357,71,0,2025-04-12 16:00:26,0,mobile,website,Windows,Chrome,5G,1,206,Returning
358,71,2,2025-04-23 21:53:46,0,mobile,social_media,Windows,Chrome,5G,1,206,Returning
359,71,1,2025-04-16 05:11:27,0,mobile,website,Windows,Chrome,5G,1,206,Returning
360,72,1,2025-04-26 16:58:18,0,desktop,app,Windows,Safari,4G,2,1102,Returning
361,72,0,2025-04-07 14:29:58,0,desktop,search_engine,Windows,Safari,4G,2,1102,Returning
362,72,3,2025-04-17 17:24:18,0,desktop,app,Windows,Safari,4G,2,1102,Returning
363,72,2,2025-04-12 05:52:49,0,desktop,app,Windows,Safari,4G,2,1102,Returning
364,72,4,2025-04-23 08:43:03,0,desktop,website,Windows,Safari,4G,2,1102,Returning
365,73,0,2025-04-12 12:22:31,0,desktop,app,Android,Edge,WiFi,2,51,Returning
366,73,1,2025-04-11 19:14:29,0,desktop,search_engine,Android,Edge,WiFi,2,51,Returning
367,73,3,2025-04-20 09:14:56,0,desktop,search_engine,Android,Edge,WiFi,2,51,Returning
368,73,4,2025-04-30 05:10:10,0,desktop,website,Android,Edge,WiFi,2,51,Returning
369,73,2,2025-04-27 09:08:53,0,desktop,social_media,Android,Edge,WiFi,2,51,Returning
370,74,3,2025-04-13 11:52:25,0,mobile,app,iOS,Safari,Fiber,4,233,Returning
371,74,2,2025-04-13 13:23:01,0,mobile,search_engine,iOS,Safari,Fiber,4,233,Returning
372,74,4,2025-04-19 08:30:36,0,mobile,app,iOS,Safari,Fiber,4,233,Returning
373,74,1,2025-04-30 11:19:56,0,mobile,app,iOS,Safari,Fiber,4,233,Returning
374,74,0,2025-04-05 11:11:10,0,mobile,social_media,iOS,Safari,Fiber,4,233,Returning
375,75,3,2025-05-02 18:51:28,1,mobile,website,Windows,Chrome,WiFi,3,209,Loyal
376,75,2,2025-05-04 04:41:03,0,mobile,app,Windows,Chrome,WiFi,3,209,Loyal
377,75,1,2025-04-10 05:26:44,0,mobile,website,Windows,Chrome,WiFi,3,209,Loyal
378,75,0,2025-04-28 00:23:00,1,mobile,website,Windows,Chrome,WiFi,3,209,Loyal
379,75,4,2025-05-01 15:51:24,0,mobile,social_media,Windows,Chrome,WiFi,3,209,Loyal
380,76,0,2025-04-12 15:57:23,0,desktop,app,Windows,Chrome,Fiber,3,26,Returning
381,76,4,2025-04-07 21:26:28,0,desktop,website,Windows,Chrome,Fiber,3,26,Returning
382,76,2,2025-04-26 21:06:33,0,desktop,search_engine,Windows,Chrome,Fiber,3,26,Returning
383,76,3,2025-04-15 04:15:23,0,desktop,search_engine,Windows,Chrome,Fiber,3,26,Returning
384,76,1,2025-04-11 09:03:22,0,desktop,social_media,Windows,Chrome,Fiber,3,26,Returning
385,77,3,2025-04-30 20:25:12,0,mobile,search_engine,Windows,Chrome,4G,4,33,Returning
386,77,1,2025-04-25 14:48:01,0,mobile,website,Windows,Chrome,4G,4,33,Returning
387,77,2,2025-04-16 10:35:10,0,mobile,social_media,Windows,Chrome,4G,4,33,Returning
388,77,0,2025-04-22 05:43:57,0,mobile,search_engine,Windows,Chrome,4G,4,33,Returning
389,77,4,2025-04-06 02:19:18,0,mobile,website,Windows,Chrome,4G,4,33,Returning
390,78,0,2025-04-10 12:51:26,0,mobile,app,ChromeOS,Chrome,5G,2,14,Returning
391,78,4,2025-04-10 08:05:44,0,mobile,app,ChromeOS,Chrome,5G,2,14,Returning
392,78,3,2025-05-04 17:29:04,0,mobile,website,ChromeOS,Chrome,5G,2,14,Returning
393,78,1,2025-04-10 06:24:27,0,mobile,social_media,ChromeOS,Chrome,5G,2,14,Returning
394,78,2,2025-04-22 21:33:43,0,mobile,website,ChromeOS,Chrome,5G,2,14,Returning
395,79,0,2025-05-04 11:51:22,0,desktop,website,Windows,Firefox,WiFi,4,348,Loyal
396,79,4,2025-04-22 16:40:17,0,desktop,social_media,Windows,Firefox,WiFi,4,348,Loyal
397,79,1,2025-04-18 04:06:19,0,desktop,social_media,Windows,Firefox,WiFi,4,348,Loyal
398,79,2,2025-04-25 19:36:24,0,desktop,search_engine,Windows,Firefox,WiFi,4,348,Loyal
399,79,3,2025-04-10 03:24:29,0,desktop,website,Windows,Firefox,WiFi,4,348,Loyal
400,80,1,2025-05-03 18:48:04,0,mobile,search_engine,iOS,Edge,WiFi,3,149,Returning
401,80,0,2025-04-07 11:31:39,0,mobile,app,iOS,Edge,WiFi,3,149,Returning
402,80,3,2025-04-19 05:47:50,0,mobile,social_media,iOS,Edge,WiFi,3,149,Returning
403,80,2,2025-05-04 17:39:08,0,mobile,website,iOS,Edge,WiFi,3,149,Returning
404,80,4,2025-04-25 05:30:47,0,mobile,social_media,iOS,Edge,WiFi,3,149,Returning
405,81,0,2025-04-14 05:50:47,0,mobile,app,Windows,Edge,5G,3,14,New
406,81,4,2025-04-13 18:53:08,0,mobile,search_engine,Windows,Edge,5G,3,14,New
407,81,2,2025-04-21 13:44:35,0,mobile,app,Windows,Edge,5G,3,14,New
408,81,3,2025-04-17 17:30:11,0,mobile,social_media,Windows,Edge,5G,3,14,New
409,81,1,2025-04-05 00:05:36,0,mobile,social_media,Windows,Edge,5G,3,14,New
410,82,0,2025-04-18 09:36:06,0,mobile,website,Android,Chrome,4G,3,37,Returning
411,82,1,2025-04-24 10:10:48,0,mobile,website,Android,Chrome,4G,3,37,Returning
412,82,2,2025-04-05 04:50:48,0,mobile,app,Android,Chrome,4G,3,37,Returning
413,82,3,2025-05-04 17:06:45,0,mobile,social_media,Android,Chrome,4G,3,37,Returning
414,82,4,2025-04-22 03:57:14,0,mobile,search_engine,Android,Chrome,4G,3,37,Returning
415,83,2,2025-04-07 00:43:50,0,mobile,app,Android,Edge,5G,1,880,Returning
416,83,3,2025-04-17 03:20:32,0,mobile,social_media,Android,Edge,5G,1,880,Returning
417,83,4,2025-04-20 15:58:41,0,mobile,app,Android,Edge,5G,1,880,Returning
418,83,1,2025-05-01 19:58:45,0,mobile,search_engine,Android,Edge,5G,1,880,Returning
419,83,0,2025-04-13 04:34:57,0,mobile,app,Android,Edge,5G,1,880,Returning
420,84,2,2025-04-19 00:38:26,0,desktop,social_media,iOS,Safari,WiFi,1,28,Returning
421,84,0,2025-04-05 20:50:48,0,desktop,app,iOS,Safari,WiFi,1,28,Returning
422,84,3,2025-04-27 13:39:19,0,desktop,app,iOS,Safari,WiFi,1,28,Returning
423,84,1,2025-04-07 18:27:51,0,desktop,social_media,iOS,Safari,WiFi,1,28,Returning
424,84,4,2025-04-20 06:46:08,0,desktop,search_engine,iOS,Safari,WiFi,1,28,Returning
425,85,1,2025-04-10 08:12:13,0,mobile,social_media,iOS,Safari,4G,1,518,Returning
426,85,0,2025-04-21 07:31:49,0,mobile,search_engine,iOS,Safari,4G,1,518,Returning
427,85,2,2025-04-17 15:12:11,0,mobile,search_engine,iOS,Safari,4G,1,518,Returning
428,85,3,2025-04-05 01:10:50,1,mobile,website,iOS,Safari,4G,1,518,Returning
429,85,4,2025-04-25 17:28:54,0,mobile,search_engine,iOS,Safari,4G,1,518,Returning
430,86,2,2025-04-06 00:31:37,0,mobile,social_media,iOS,Safari,Cable,3,174,Returning
431,86,3,2025-04-27 00:28:33,0,mobile,app,iOS,Safari,Cable,3,174,Returning
432,86,4,2025-04-19 07:57:01,0,mobile,search_engine,iOS,Safari,Cable,3,174,Returning
433,86,0,2025-04-30 10:03:49,0,mobile,website,iOS,Safari,Cable,3,174,Returning
434,86,1,2025-04-09 04:14:43,0,mobile,website,iOS,Safari,Cable,3,174,Returning
435,87,4,2025-04-12 22:58:19,0,mobile,website,Windows,Chrome,WiFi,4,1137,Loyal
436,87,1,2025-04-05 18:23:55,0,mobile,app,Windows,Chrome,WiFi,4,1137,Loyal
437,87,3,2025-04-12 17:28:42,0,mobile,social_media,Windows,Chrome,WiFi,4,1137,Loyal
438,87,2,2025-04-20 18:50:26,0,mobile,website,Windows,Chrome,WiFi,4,1137,Loyal
439,87,0,2025-05-01 21:29:09,0,mobile,social_media,Windows,Chrome,WiFi,4,1137,Loyal
440,88,4,2025-04-24 18:59:37,0,desktop,app,Android,Chrome,5G,5,165,New
441,88,2,2025-04-07 18:56:17,0,desktop,website,Android,Chrome,5G,5,165,New
442,88,3,2025-04-14 02:42:10,0,desktop,search_engine,Android,Chrome,5G,5,165,New
443,88,1,2025-05-04 14:45:15,0,desktop,app,Android,Chrome,5G,5,165,New
444,88,0,2025-04-07 20:46:20,1,desktop,search_engine,Android,Chrome,5G,5,165,New
445,89,0,2025-04-08 19:58:03,0,mobile,website,Android,Safari,WiFi,4,14,Returning
446,89,1,2025-04-14 17:41:58,0,mobile,search_engine,Android,Safari,WiFi,4,14,Returning
447,89,3,2025-04-08 19:33:27,0,mobile,website,Android,Safari,WiFi,4,14,Returning
448,89,4,2025-04-20 12:05:10,0,mobile,app,Android,Safari,WiFi,4,14,Returning
449,89,2,2025-04-13 12:33:54,0,mobile,social_media,Android,Safari,WiFi,4,14,Returning
450,90,0,2025-04-26 21:31:30,0,mobile,website,iOS,Edge,Fiber,3,846,Loyal
451,90,1,2025-04-09 13:35:49,0,mobile,app,iOS,Edge,Fiber,3,846,Loyal
452,90,3,2025-04-10 23:10:03,0,mobile,search_engine,iOS,Edge,Fiber,3,846,Loyal
453,90,2,2025-04-26 05:46:39,0,mobile,website,iOS,Edge,Fiber,3,846,Loyal
454,90,4,2025-04-11 10:21:51,0,mobile,app,iOS,Edge,Fiber,3,846,Loyal
455,91,1,2025-04-17 15:15:41,0,mobile,search_engine,Windows,Chrome,DSL,4,451,New
456,91,4,2025-04-27 04:25:43,0,mobile,website,Windows,Chrome,DSL,4,451,New
457,91,3,2025-05-03 12:53:05,0,mobile,app,Windows,Chrome,DSL,4,451,New
458,91,2,2025-05-02 04:15:15,0,mobile,social_media,Windows,Chrome,DSL,4,451,New
459,91,0,2025-04-09 09:20:27,0,mobile,app,Windows,Chrome,DSL,4,451,New
460,92,1,2025-04-14 03:56:21,0,desktop,social_media,iOS,Safari,4G,4,194,Returning
461,92,4,2025-04-06 18:42:09,0,desktop,website,iOS,Safari,4G,4,194,Returning
462,92,3,2025-04-05 11:53:44,0,desktop,social_media,iOS,Safari,4G,4,194,Returning
463,92,2,2025-04-20 12:32:36,0,desktop,app,iOS,Safari,4G,4,194,Returning
464,92,0,2025-04-09 01:30:21,1,desktop,app,iOS,Safari,4G,4,194,Returning
465,93,0,2025-04-12 16:44:31,0,desktop,website,Android,Safari,4G,2,38,Returning
466,93,4,2025-04-24 07:05:12,0,desktop,website,Android,Safari,4G,2,38,Returning
467,93,2,2025-05-01 18:34:45,0,desktop,search_engine,Android,Safari,4G,2,38,Returning
468,93,3,2025-04-22 04:33:29,0,desktop,app,Android,Safari,4G,2,38,Returning
469,93,1,2025-04-26 01:31:27,0,desktop,search_engine,Android,Safari,4G,2,38,Returning
470,94,2,2025-04-25 22:55:56,0,mobile,website,Android,Edge,4G,2,164,Loyal
471,94,0,2025-05-03 22:13:22,0,mobile,search_engine,Android,Edge,4G,2,164,Loyal
472,94,4,2025-04-29 09:02:10,0,mobile,social_media,Android,Edge,4G,2,164,Loyal
473,94,1,2025-04-21 01:43:36,0,mobile,app,Android,Edge,4G,2,164,Loyal
474,94,3,2025-04-18 20:44:04,0,mobile,search_engine,Android,Edge,4G,2,164,Loyal
475,95,4,2025-04-27 21:19:01,0,desktop,search_engine,MacOS,Firefox,5G,13,78,Returning
476,95,0,2025-04-17 05:24:51,0,desktop,website,MacOS,Firefox,5G,13,78,Returning
477,95,2,2025-04-06 19:43:03,0,desktop,social_media,MacOS,Firefox,5G,13,78,Returning
478,95,1,2025-04-17 14:34:15,0,desktop,app,MacOS,Firefox,5G,13,78,Returning
479,95,3,2025-04-22 08:35:27,1,desktop,search_engine,MacOS,Firefox,5G,13,78,Returning
480,96,2,2025-04-06 16:38:18,0,mobile,search_engine,Android,Chrome,4G,2,169,Returning
481,96,3,2025-04-06 17:13:25,0,mobile,app,Android,Chrome,4G,2,169,Returning
482,96,0,2025-04-25 05:18:51,0,mobile,website,Android,Chrome,4G,2,169,Returning
483,96,1,2025-04-16 08:38:13,0,mobile,social_media,Android,Chrome,4G,2,169,Returning
484,96,4,2025-05-04 19:11:49,0,mobile,website,Android,Chrome,4G,2,169,Returning
485,97,0,2025-04-29 21:35:11,0,mobile,search_engine,Android,Edge,WiFi,3,290,New
486,97,4,2025-04-19 04:29:24,0,mobile,website,Android,Edge,WiFi,3,290,New
487,97,3,2025-04-20 07:55:00,0,mobile,search_engine,Android,Edge,WiFi,3,290,New
488,97,2,2025-04-09 16:08:38,0,mobile,website,Android,Edge,WiFi,3,290,New
489,97,1,2025-05-04 06:53:44,0,mobile,website,Android,Edge,WiFi,3,290,New
490,98,2,2025-04-07 15:39:31,0,mobile,app,Windows,Chrome,WiFi,1,256,Loyal
491,98,0,2025-04-21 17:59:27,0,mobile,search_engine,Windows,Chrome,WiFi,1,256,Loyal
492,98,1,2025-04-24 22:21:27,0,mobile,search_engine,Windows,Chrome,WiFi,1,256,Loyal
493,98,4,2025-04-27 23:07:36,0,mobile,social_media,Windows,Chrome,WiFi,1,256,Loyal
494,98,3,2025-04-29 21:20:52,0,mobile,social_media,Windows,Chrome,WiFi,1,256,Loyal
495,99,4,2025-05-03 13:42:10,0,mobile,website,iOS,Opera,WiFi,3,105,Returning
496,99,3,2025-04-22 01:53:06,0,mobile,social_media,iOS,Opera,WiFi,3,105,Returning
497,99,0,2025-04-08 12:21:07,0,mobile,website,iOS,Opera,WiFi,3,105,Returning
498,99,2,2025-04-28 11:31:36,1,mobile,search_engine,iOS,Opera,WiFi,3,105,Returning
499,99,1,2025-04-30 15:05:36,0,mobile,app,iOS,Opera,WiFi,3,105,Returning
